INSERT INTO  personnel_status (shortname) VALUES ('В строю');
INSERT INTO  personnel_status (shortname, description) VALUES ('Отпуск', 'Регулярный отпуск для военнослужащих');
INSERT INTO  personnel_status (shortname, description) VALUES ('Больничный', 'Оформлен больничный лист');

INSERT INTO  personnel (surname, name, patronymic, status) VALUES ('Гончаров', 'Пётр', 'Анатольевич', 1);
INSERT INTO  personnel (surname, name, patronymic, status) VALUES ('Гончаров', 'Анатолий', 'Петрович', 1);
INSERT INTO  personnel (surname, name, patronymic, status) VALUES ('Сидоров', 'Иван', 'Сергеевич', 1);
INSERT INTO  personnel (surname, name, patronymic, status) VALUES ('Чесноков', 'Геннадий', 'Андреевич', 1);
INSERT INTO  personnel (surname, name, patronymic, status) VALUES ('Иванов', 'Всеволод', 'Андреевич', 1);
INSERT INTO  personnel (surname, name, patronymic, status) VALUES ('Соловьёв', 'Вадим', 'Анатольевич', 1);
INSERT INTO  personnel (surname, name, patronymic, status) VALUES ('Захаров', 'Андрей', 'Геннадиевич', 1);
INSERT INTO  personnel (surname, name, patronymic, status) VALUES ('Петров', 'Андрей', 'Иванович', 1);
INSERT INTO  personnel (surname, name, patronymic, status) VALUES ('Захаров', 'Всеволод', 'Васильевич', 1);
INSERT INTO  personnel (surname, name, patronymic, status) VALUES ('Соловьёв', 'Всеволод', 'Сергеевич', 1);
INSERT INTO  personnel (surname, name, patronymic, status) VALUES ('Горбачёв', 'Анатолий', 'Анатольевич', 1);
INSERT INTO  personnel (surname, name, patronymic, status) VALUES ('Захаров', 'Анатолий', 'Иванович', 1);
INSERT INTO  personnel (surname, name, patronymic, status) VALUES ('Захаров', 'Геннадий', 'Андреевич', 1);
INSERT INTO  personnel (surname, name, patronymic, status) VALUES ('Сидоров', 'Иван', 'Денисович', 1);
INSERT INTO  personnel (surname, name, patronymic, status) VALUES ('Захаров', 'Андрей', 'Денисович', 1);
INSERT INTO  personnel (surname, name, patronymic, status) VALUES ('Ушаков', 'Андрей', 'Иванович', 1);
INSERT INTO  personnel (surname, name, patronymic, status) VALUES ('Сидоров', 'Валерий', 'Анатольевич', 1);
INSERT INTO  personnel (surname, name, patronymic, status) VALUES ('Гончаров', 'Михаил', 'Петрович', 1);
INSERT INTO  personnel (surname, name, patronymic, status) VALUES ('Чесноков', 'Пётр', 'Анатольевич', 1);
INSERT INTO  personnel (surname, name, patronymic, status) VALUES ('Иванов', 'Михаил', 'Денисович', 1);
INSERT INTO  personnel (surname, name, patronymic, status) VALUES ('Сидоров', 'Валерий', 'Васильевич', 1);
INSERT INTO  personnel (surname, name, patronymic, status) VALUES ('Сидоров', 'Иван', 'Петрович', 1);
INSERT INTO  personnel (surname, name, patronymic, status) VALUES ('Горбачёв', 'Пётр', 'Денисович', 1);
INSERT INTO  personnel (surname, name, patronymic, status) VALUES ('Ушаков', 'Валерий', 'Денисович', 1);
INSERT INTO  personnel (surname, name, patronymic, status) VALUES ('Ушаков', 'Валерий', 'Анатольевич', 1);
INSERT INTO  personnel (surname, name, patronymic, status) VALUES ('Соловьёв', 'Андрей', 'Васильевич', 1);
INSERT INTO  personnel (surname, name, patronymic, status) VALUES ('Ушаков', 'Анатолий', 'Васильевич', 1);
INSERT INTO  personnel (surname, name, patronymic, status) VALUES ('Ушаков', 'Михаил', 'Денисович', 1);
INSERT INTO  personnel (surname, name, patronymic, status) VALUES ('Гончаров', 'Геннадий', 'Анатольевич', 1);
INSERT INTO  personnel (surname, name, patronymic, status) VALUES ('Петров', 'Вадим', 'Андреевич', 1);
INSERT INTO  personnel (surname, name, patronymic, status) VALUES ('Чесноков', 'Пётр', 'Андреевич', 1);
INSERT INTO  personnel (surname, name, patronymic, status) VALUES ('Сидоров', 'Всеволод', 'Петрович', 1);
INSERT INTO  personnel (surname, name, patronymic, status) VALUES ('Соловьёв', 'Сергей', 'Васильевич', 1);
INSERT INTO  personnel (surname, name, patronymic, status) VALUES ('Иванов', 'Пётр', 'Андреевич', 1);
INSERT INTO  personnel (surname, name, patronymic, status) VALUES ('Сидоров', 'Михаил', 'Анатольевич', 1);
INSERT INTO  personnel (surname, name, patronymic, status) VALUES ('Сидоров', 'Валерий', 'Петрович', 1);
INSERT INTO  personnel (surname, name, patronymic, status) VALUES ('Ушаков', 'Андрей', 'Анатольевич', 1);
INSERT INTO  personnel (surname, name, patronymic, status) VALUES ('Чесноков', 'Анатолий', 'Петрович', 1);
INSERT INTO  personnel (surname, name, patronymic, status) VALUES ('Горбачёв', 'Андрей', 'Петрович', 1);
INSERT INTO  personnel (surname, name, patronymic, status) VALUES ('Соловьёв', 'Вадим', 'Андреевич', 1);
INSERT INTO  personnel (surname, name, patronymic, status) VALUES ('Сидоров', 'Иван', 'Сергеевич', 1);
INSERT INTO  personnel (surname, name, patronymic, status) VALUES ('Гончаров', 'Всеволод', 'Петрович', 1);
INSERT INTO  personnel (surname, name, patronymic, status) VALUES ('Соловьёв', 'Всеволод', 'Сергеевич', 1);
INSERT INTO  personnel (surname, name, patronymic, status) VALUES ('Гончаров', 'Михаил', 'Денисович', 1);
INSERT INTO  personnel (surname, name, patronymic, status) VALUES ('Ушаков', 'Вадим', 'Андреевич', 1);
INSERT INTO  personnel (surname, name, patronymic, status) VALUES ('Петров', 'Вадим', 'Петрович', 1);
INSERT INTO  personnel (surname, name, patronymic, status) VALUES ('Ушаков', 'Анатолий', 'Петрович', 1);
INSERT INTO  personnel (surname, name, patronymic, status) VALUES ('Иванов', 'Иван', 'Андреевич', 1);
INSERT INTO  personnel (surname, name, patronymic, status) VALUES ('Горбачёв', 'Вадим', 'Андреевич', 1);
INSERT INTO  personnel (surname, name, patronymic, status) VALUES ('Захаров', 'Пётр', 'Сергеевич', 1);
INSERT INTO  personnel (surname, name, patronymic, status) VALUES ('Горбачёв', 'Иван', 'Петрович', 1);
INSERT INTO  personnel (surname, name, patronymic, status) VALUES ('Горбачёв', 'Сергей', 'Иванович', 1);
INSERT INTO  personnel (surname, name, patronymic, status) VALUES ('Соловьёв', 'Валерий', 'Денисович', 1);
INSERT INTO  personnel (surname, name, patronymic, status) VALUES ('Иванов', 'Иван', 'Андреевич', 1);
INSERT INTO  personnel (surname, name, patronymic, status) VALUES ('Гончаров', 'Всеволод', 'Иванович', 1);
INSERT INTO  personnel (surname, name, patronymic, status) VALUES ('Сидоров', 'Сергей', 'Андреевич', 1);
INSERT INTO  personnel (surname, name, patronymic, status) VALUES ('Горбачёв', 'Иван', 'Андреевич', 1);
INSERT INTO  personnel (surname, name, patronymic, status) VALUES ('Сидоров', 'Пётр', 'Петрович', 1);
INSERT INTO  personnel (surname, name, patronymic, status) VALUES ('Ушаков', 'Валерий', 'Иванович', 1);
INSERT INTO  personnel (surname, name, patronymic, status) VALUES ('Петров', 'Вадим', 'Петрович', 1);
INSERT INTO  personnel (surname, name, patronymic, status) VALUES ('Захаров', 'Михаил', 'Иванович', 1);
INSERT INTO  personnel (surname, name, patronymic, status) VALUES ('Соловьёв', 'Анатолий', 'Васильевич', 1);
INSERT INTO  personnel (surname, name, patronymic, status) VALUES ('Горбачёв', 'Михаил', 'Андреевич', 1);
INSERT INTO  personnel (surname, name, patronymic, status) VALUES ('Гончаров', 'Михаил', 'Денисович', 1);
INSERT INTO  personnel (surname, name, patronymic, status) VALUES ('Ушаков', 'Андрей', 'Иванович', 1);
INSERT INTO  personnel (surname, name, patronymic, status) VALUES ('Сидоров', 'Анатолий', 'Петрович', 1);
INSERT INTO  personnel (surname, name, patronymic, status) VALUES ('Горбачёв', 'Геннадий', 'Петрович', 1);
INSERT INTO  personnel (surname, name, patronymic, status) VALUES ('Гончаров', 'Валерий', 'Васильевич', 1);
INSERT INTO  personnel (surname, name, patronymic, status) VALUES ('Иванов', 'Геннадий', 'Анатольевич', 1);
INSERT INTO  personnel (surname, name, patronymic, status) VALUES ('Соловьёв', 'Михаил', 'Васильевич', 1);
INSERT INTO  personnel (surname, name, patronymic, status) VALUES ('Захаров', 'Геннадий', 'Васильевич', 1);
INSERT INTO  personnel (surname, name, patronymic, status) VALUES ('Иванов', 'Анатолий', 'Анатольевич', 1);
INSERT INTO  personnel (surname, name, patronymic, status) VALUES ('Соловьёв', 'Вадим', 'Васильевич', 1);
INSERT INTO  personnel (surname, name, patronymic, status) VALUES ('Иванов', 'Всеволод', 'Петрович', 1);
INSERT INTO  personnel (surname, name, patronymic, status) VALUES ('Гончаров', 'Геннадий', 'Анатольевич', 1);
INSERT INTO  personnel (surname, name, patronymic, status) VALUES ('Петров', 'Андрей', 'Сергеевич', 1);
INSERT INTO  personnel (surname, name, patronymic, status) VALUES ('Горбачёв', 'Всеволод', 'Петрович', 1);
INSERT INTO  personnel (surname, name, patronymic, status) VALUES ('Горбачёв', 'Вадим', 'Петрович', 1);
INSERT INTO  personnel (surname, name, patronymic, status) VALUES ('Горбачёв', 'Андрей', 'Денисович', 1);
INSERT INTO  personnel (surname, name, patronymic, status) VALUES ('Петров', 'Вадим', 'Андреевич', 1);
INSERT INTO  personnel (surname, name, patronymic, status) VALUES ('Ушаков', 'Валерий', 'Анатольевич', 1);
INSERT INTO  personnel (surname, name, patronymic, status) VALUES ('Петров', 'Михаил', 'Петрович', 1);
INSERT INTO  personnel (surname, name, patronymic, status) VALUES ('Чесноков', 'Иван', 'Петрович', 1);
INSERT INTO  personnel (surname, name, patronymic, status) VALUES ('Иванов', 'Всеволод', 'Иванович', 1);
INSERT INTO  personnel (surname, name, patronymic, status) VALUES ('Ушаков', 'Валерий', 'Иванович', 1);
INSERT INTO  personnel (surname, name, patronymic, status) VALUES ('Горбачёв', 'Михаил', 'Иванович', 1);
INSERT INTO  personnel (surname, name, patronymic, status) VALUES ('Горбачёв', 'Валерий', 'Денисович', 1);
INSERT INTO  personnel (surname, name, patronymic, status) VALUES ('Гончаров', 'Анатолий', 'Сергеевич', 1);
INSERT INTO  personnel (surname, name, patronymic, status) VALUES ('Иванов', 'Андрей', 'Сергеевич', 1);
INSERT INTO  personnel (surname, name, patronymic, status) VALUES ('Петров', 'Михаил', 'Андреевич', 1);
INSERT INTO  personnel (surname, name, patronymic, status) VALUES ('Чесноков', 'Вадим', 'Денисович', 1);
INSERT INTO  personnel (surname, name, patronymic, status) VALUES ('Соловьёв', 'Валерий', 'Сергеевич', 1);
INSERT INTO  personnel (surname, name, patronymic, status) VALUES ('Ушаков', 'Михаил', 'Васильевич', 1);
INSERT INTO  personnel (surname, name, patronymic, status) VALUES ('Ушаков', 'Иван', 'Денисович', 1);
INSERT INTO  personnel (surname, name, patronymic, status) VALUES ('Петров', 'Валерий', 'Васильевич', 1);
INSERT INTO  personnel (surname, name, patronymic, status) VALUES ('Сидоров', 'Сергей', 'Петрович', 1);
INSERT INTO  personnel (surname, name, patronymic, status) VALUES ('Сидоров', 'Сергей', 'Денисович', 1);
INSERT INTO  personnel (surname, name, patronymic, status) VALUES ('Горбачёв', 'Иван', 'Иванович', 1);
INSERT INTO  personnel (surname, name, patronymic, status) VALUES ('Захаров', 'Вадим', 'Геннадиевич', 1);
INSERT INTO  personnel (surname, name, patronymic, status) VALUES ('Сидоров', 'Сергей', 'Геннадиевич', 1);

INSERT INTO  personnel (surname, name, patronymic, status) VALUES ('Чесноков', 'Андрей', 'Андреевич', 1);
INSERT INTO  personnel (surname, name, patronymic, status) VALUES ('Гончаров', 'Иван', 'Геннадиевич', 1);
INSERT INTO  personnel (surname, name, patronymic, status) VALUES ('Сидоров', 'Анатолий', 'Васильевич', 1);
INSERT INTO  personnel (surname, name, patronymic, status) VALUES ('Захаров', 'Валерий', 'Денисович', 1);
INSERT INTO  personnel (surname, name, patronymic, status) VALUES ('Горбачёв', 'Вадим', 'Анатольевич', 1);
INSERT INTO  personnel (surname, name, patronymic, status) VALUES ('Сидоров', 'Михаил', 'Петрович', 1);
INSERT INTO  personnel (surname, name, patronymic, status) VALUES ('Гончаров', 'Геннадий', 'Васильевич', 1);
INSERT INTO  personnel (surname, name, patronymic, status) VALUES ('Захаров', 'Всеволод', 'Геннадиевич', 1);
INSERT INTO  personnel (surname, name, patronymic, status) VALUES ('Захаров', 'Валерий', 'Денисович', 1);
INSERT INTO  personnel (surname, name, patronymic, status) VALUES ('Гончаров', 'Иван', 'Геннадиевич', 1);
INSERT INTO  personnel (surname, name, patronymic, status) VALUES ('Сидоров', 'Михаил', 'Анатольевич', 1);
INSERT INTO  personnel (surname, name, patronymic, status) VALUES ('Петров', 'Иван', 'Петрович', 1);
INSERT INTO  personnel (surname, name, patronymic, status) VALUES ('Ушаков', 'Михаил', 'Иванович', 1);
INSERT INTO  personnel (surname, name, patronymic, status) VALUES ('Соловьёв', 'Пётр', 'Анатольевич', 1);
INSERT INTO  personnel (surname, name, patronymic, status) VALUES ('Гончаров', 'Геннадий', 'Васильевич', 1);
INSERT INTO  personnel (surname, name, patronymic, status) VALUES ('Иванов', 'Анатолий', 'Геннадиевич', 1);
INSERT INTO  personnel (surname, name, patronymic, status) VALUES ('Сидоров', 'Вадим', 'Анатольевич', 1);
INSERT INTO  personnel (surname, name, patronymic, status) VALUES ('Ушаков', 'Геннадий', 'Андреевич', 1);
INSERT INTO  personnel (surname, name, patronymic, status) VALUES ('Ушаков', 'Михаил', 'Денисович', 1);
INSERT INTO  personnel (surname, name, patronymic, status) VALUES ('Ушаков', 'Геннадий', 'Геннадиевич', 1);
INSERT INTO  personnel (surname, name, patronymic, status) VALUES ('Чесноков', 'Пётр', 'Геннадиевич', 1);
INSERT INTO  personnel (surname, name, patronymic, status) VALUES ('Соловьёв', 'Михаил', 'Сергеевич', 1);
INSERT INTO  personnel (surname, name, patronymic, status) VALUES ('Ушаков', 'Иван', 'Сергеевич', 1);
INSERT INTO  personnel (surname, name, patronymic, status) VALUES ('Соловьёв', 'Михаил', 'Петрович', 1);
INSERT INTO  personnel (surname, name, patronymic, status) VALUES ('Чесноков', 'Иван', 'Петрович', 1);
INSERT INTO  personnel (surname, name, patronymic, status) VALUES ('Соловьёв', 'Валерий', 'Андреевич', 1);
INSERT INTO  personnel (surname, name, patronymic, status) VALUES ('Захаров', 'Валерий', 'Иванович', 1);
INSERT INTO  personnel (surname, name, patronymic, status) VALUES ('Чесноков', 'Геннадий', 'Геннадиевич', 1);
INSERT INTO  personnel (surname, name, patronymic, status) VALUES ('Ушаков', 'Пётр', 'Андреевич', 1);
INSERT INTO  personnel (surname, name, patronymic, status) VALUES ('Сидоров', 'Анатолий', 'Петрович', 1);
INSERT INTO  personnel (surname, name, patronymic, status) VALUES ('Петров', 'Всеволод', 'Геннадиевич', 1);
INSERT INTO  personnel (surname, name, patronymic, status) VALUES ('Гончаров', 'Геннадий', 'Петрович', 1);
INSERT INTO  personnel (surname, name, patronymic, status) VALUES ('Захаров', 'Михаил', 'Денисович', 1);
INSERT INTO  personnel (surname, name, patronymic, status) VALUES ('Сидоров', 'Иван', 'Петрович', 1);
INSERT INTO  personnel (surname, name, patronymic, status) VALUES ('Соловьёв', 'Геннадий', 'Петрович', 1);
INSERT INTO  personnel (surname, name, patronymic, status) VALUES ('Горбачёв', 'Геннадий', 'Иванович', 1);
INSERT INTO  personnel (surname, name, patronymic, status) VALUES ('Сидоров', 'Пётр', 'Денисович', 1);
INSERT INTO  personnel (surname, name, patronymic, status) VALUES ('Петров', 'Иван', 'Денисович', 1);
INSERT INTO  personnel (surname, name, patronymic, status) VALUES ('Иванов', 'Михаил', 'Денисович', 1);
INSERT INTO  personnel (surname, name, patronymic, status) VALUES ('Соловьёв', 'Михаил', 'Петрович', 1);
INSERT INTO  personnel (surname, name, patronymic, status) VALUES ('Иванов', 'Сергей', 'Васильевич', 1);
INSERT INTO  personnel (surname, name, patronymic, status) VALUES ('Чесноков', 'Валерий', 'Анатольевич', 1);
INSERT INTO  personnel (surname, name, patronymic, status) VALUES ('Ушаков', 'Анатолий', 'Васильевич', 1);
INSERT INTO  personnel (surname, name, patronymic, status) VALUES ('Чесноков', 'Пётр', 'Андреевич', 1);
INSERT INTO  personnel (surname, name, patronymic, status) VALUES ('Гончаров', 'Анатолий', 'Сергеевич', 1);
INSERT INTO  personnel (surname, name, patronymic, status) VALUES ('Горбачёв', 'Валерий', 'Васильевич', 1);
INSERT INTO  personnel (surname, name, patronymic, status) VALUES ('Петров', 'Пётр', 'Иванович', 1);
INSERT INTO  personnel (surname, name, patronymic, status) VALUES ('Иванов', 'Андрей', 'Васильевич', 1);
INSERT INTO  personnel (surname, name, patronymic, status) VALUES ('Соловьёв', 'Анатолий', 'Андреевич', 1);
INSERT INTO  personnel (surname, name, patronymic, status) VALUES ('Иванов', 'Пётр', 'Андреевич', 1);
INSERT INTO  personnel (surname, name, patronymic, status) VALUES ('Сидоров', 'Вадим', 'Иванович', 1);
INSERT INTO  personnel (surname, name, patronymic, status) VALUES ('Иванов', 'Анатолий', 'Иванович', 1);
INSERT INTO  personnel (surname, name, patronymic, status) VALUES ('Ушаков', 'Геннадий', 'Геннадиевич', 1);
INSERT INTO  personnel (surname, name, patronymic, status) VALUES ('Соловьёв', 'Андрей', 'Анатольевич', 1);
INSERT INTO  personnel (surname, name, patronymic, status) VALUES ('Петров', 'Иван', 'Иванович', 1);
INSERT INTO  personnel (surname, name, patronymic, status) VALUES ('Иванов', 'Иван', 'Геннадиевич', 1);
INSERT INTO  personnel (surname, name, patronymic, status) VALUES ('Горбачёв', 'Пётр', 'Петрович', 1);
INSERT INTO  personnel (surname, name, patronymic, status) VALUES ('Соловьёв', 'Пётр', 'Андреевич', 1);
INSERT INTO  personnel (surname, name, patronymic, status) VALUES ('Петров', 'Сергей', 'Геннадиевич', 1);
INSERT INTO  personnel (surname, name, patronymic, status) VALUES ('Сидоров', 'Геннадий', 'Иванович', 1);
INSERT INTO  personnel (surname, name, patronymic, status) VALUES ('Иванов', 'Иван', 'Сергеевич', 1);
INSERT INTO  personnel (surname, name, patronymic, status) VALUES ('Горбачёв', 'Михаил', 'Андреевич', 1);
INSERT INTO  personnel (surname, name, patronymic, status) VALUES ('Чесноков', 'Всеволод', 'Васильевич', 1);
INSERT INTO  personnel (surname, name, patronymic, status) VALUES ('Сидоров', 'Анатолий', 'Сергеевич', 1);
INSERT INTO  personnel (surname, name, patronymic, status) VALUES ('Ушаков', 'Анатолий', 'Денисович', 1);
INSERT INTO  personnel (surname, name, patronymic, status) VALUES ('Чесноков', 'Всеволод', 'Анатольевич', 1);
INSERT INTO  personnel (surname, name, patronymic, status) VALUES ('Ушаков', 'Всеволод', 'Геннадиевич', 1);
INSERT INTO  personnel (surname, name, patronymic, status) VALUES ('Иванов', 'Анатолий', 'Денисович', 1);
INSERT INTO  personnel (surname, name, patronymic, status) VALUES ('Петров', 'Сергей', 'Геннадиевич', 1);
INSERT INTO  personnel (surname, name, patronymic, status) VALUES ('Горбачёв', 'Всеволод', 'Анатольевич', 1);
INSERT INTO  personnel (surname, name, patronymic, status) VALUES ('Захаров', 'Геннадий', 'Геннадиевич', 1);
INSERT INTO  personnel (surname, name, patronymic, status) VALUES ('Захаров', 'Михаил', 'Иванович', 1);
INSERT INTO  personnel (surname, name, patronymic, status) VALUES ('Ушаков', 'Вадим', 'Геннадиевич', 1);
INSERT INTO  personnel (surname, name, patronymic, status) VALUES ('Сидоров', 'Валерий', 'Андреевич', 1);
INSERT INTO  personnel (surname, name, patronymic, status) VALUES ('Горбачёв', 'Анатолий', 'Петрович', 1);
INSERT INTO  personnel (surname, name, patronymic, status) VALUES ('Горбачёв', 'Анатолий', 'Сергеевич', 1);
INSERT INTO  personnel (surname, name, patronymic, status) VALUES ('Сидоров', 'Иван', 'Геннадиевич', 1);
INSERT INTO  personnel (surname, name, patronymic, status) VALUES ('Чесноков', 'Всеволод', 'Геннадиевич', 1);
INSERT INTO  personnel (surname, name, patronymic, status) VALUES ('Соловьёв', 'Пётр', 'Анатольевич', 1);
INSERT INTO  personnel (surname, name, patronymic, status) VALUES ('Гончаров', 'Иван', 'Сергеевич', 1);
INSERT INTO  personnel (surname, name, patronymic, status) VALUES ('Иванов', 'Всеволод', 'Анатольевич', 1);
INSERT INTO  personnel (surname, name, patronymic, status) VALUES ('Соловьёв', 'Иван', 'Иванович', 1);
INSERT INTO  personnel (surname, name, patronymic, status) VALUES ('Чесноков', 'Пётр', 'Петрович', 1);
INSERT INTO  personnel (surname, name, patronymic, status) VALUES ('Захаров', 'Андрей', 'Геннадиевич', 1);
INSERT INTO  personnel (surname, name, patronymic, status) VALUES ('Горбачёв', 'Сергей', 'Геннадиевич', 1);
INSERT INTO  personnel (surname, name, patronymic, status) VALUES ('Гончаров', 'Вадим', 'Геннадиевич', 1);
INSERT INTO  personnel (surname, name, patronymic, status) VALUES ('Иванов', 'Вадим', 'Андреевич', 1);
INSERT INTO  personnel (surname, name, patronymic, status) VALUES ('Иванов', 'Валерий', 'Сергеевич', 1);
INSERT INTO  personnel (surname, name, patronymic, status) VALUES ('Чесноков', 'Вадим', 'Сергеевич', 1);
INSERT INTO  personnel (surname, name, patronymic, status) VALUES ('Ушаков', 'Вадим', 'Денисович', 1);
INSERT INTO  personnel (surname, name, patronymic, status) VALUES ('Горбачёв', 'Андрей', 'Васильевич', 1);
INSERT INTO  personnel (surname, name, patronymic, status) VALUES ('Петров', 'Андрей', 'Петрович', 1);
INSERT INTO  personnel (surname, name, patronymic, status) VALUES ('Захаров', 'Михаил', 'Васильевич', 1);
INSERT INTO  personnel (surname, name, patronymic, status) VALUES ('Захаров', 'Всеволод', 'Анатольевич', 1);
INSERT INTO  personnel (surname, name, patronymic, status) VALUES ('Гончаров', 'Валерий', 'Иванович', 1);
INSERT INTO  personnel (surname, name, patronymic, status) VALUES ('Захаров', 'Геннадий', 'Геннадиевич', 1);
INSERT INTO  personnel (surname, name, patronymic, status) VALUES ('Горбачёв', 'Андрей', 'Андреевич', 1);
INSERT INTO  personnel (surname, name, patronymic, status) VALUES ('Горбачёв', 'Сергей', 'Петрович', 1);
INSERT INTO  personnel (surname, name, patronymic, status) VALUES ('Захаров', 'Иван', 'Денисович', 1);
INSERT INTO  personnel (surname, name, patronymic, status) VALUES ('Чесноков', 'Анатолий', 'Петрович', 1);
INSERT INTO  personnel (surname, name, patronymic, status) VALUES ('Ушаков', 'Вадим', 'Геннадиевич', 1);
INSERT INTO  personnel (surname, name, patronymic, status) VALUES ('Гончаров', 'Сергей', 'Васильевич', 1);
INSERT INTO  personnel (surname, name, patronymic, status) VALUES ('Горбачёв', 'Пётр', 'Петрович', 1);
INSERT INTO  personnel (surname, name, patronymic, status) VALUES ('Ушаков', 'Сергей', 'Геннадиевич', 1);
INSERT INTO  personnel (surname, name, patronymic, status) VALUES ('Гончаров', 'Геннадий', 'Петрович', 1);
INSERT INTO  personnel (surname, name, patronymic, status) VALUES ('Соловьёв', 'Сергей', 'Васильевич', 1);
INSERT INTO  personnel (surname, name, patronymic, status) VALUES ('Соловьёв', 'Иван', 'Денисович', 1);
INSERT INTO  personnel (surname, name, patronymic, status) VALUES ('Чесноков', 'Андрей', 'Анатольевич', 1);
INSERT INTO  personnel (surname, name, patronymic, status) VALUES ('Сидоров', 'Андрей', 'Анатольевич', 1);
INSERT INTO  personnel (surname, name, patronymic, status) VALUES ('Гончаров', 'Иван', 'Сергеевич', 1);
INSERT INTO  personnel (surname, name, patronymic, status) VALUES ('Соловьёв', 'Валерий', 'Денисович', 1);
INSERT INTO  personnel (surname, name, patronymic, status) VALUES ('Иванов', 'Михаил', 'Васильевич', 1);
INSERT INTO  personnel (surname, name, patronymic, status) VALUES ('Соловьёв', 'Анатолий', 'Анатольевич', 1);
INSERT INTO  personnel (surname, name, patronymic, status) VALUES ('Гончаров', 'Пётр', 'Иванович', 1);
INSERT INTO  personnel (surname, name, patronymic, status) VALUES ('Сидоров', 'Вадим', 'Васильевич', 1);
INSERT INTO  personnel (surname, name, patronymic, status) VALUES ('Чесноков', 'Вадим', 'Андреевич', 1);
INSERT INTO  personnel (surname, name, patronymic, status) VALUES ('Петров', 'Валерий', 'Денисович', 1);
INSERT INTO  personnel (surname, name, patronymic, status) VALUES ('Чесноков', 'Пётр', 'Андреевич', 1);
INSERT INTO  personnel (surname, name, patronymic, status) VALUES ('Иванов', 'Пётр', 'Денисович', 1);
INSERT INTO  personnel (surname, name, patronymic, status) VALUES ('Петров', 'Всеволод', 'Анатольевич', 1);
INSERT INTO  personnel (surname, name, patronymic, status) VALUES ('Гончаров', 'Всеволод', 'Иванович', 1);
INSERT INTO  personnel (surname, name, patronymic, status) VALUES ('Горбачёв', 'Геннадий', 'Геннадиевич', 1);
INSERT INTO  personnel (surname, name, patronymic, status) VALUES ('Ушаков', 'Михаил', 'Денисович', 1);
INSERT INTO  personnel (surname, name, patronymic, status) VALUES ('Сидоров', 'Сергей', 'Васильевич', 1);
INSERT INTO  personnel (surname, name, patronymic, status) VALUES ('Горбачёв', 'Иван', 'Васильевич', 1);
INSERT INTO  personnel (surname, name, patronymic, status) VALUES ('Ушаков', 'Вадим', 'Иванович', 1);
INSERT INTO  personnel (surname, name, patronymic, status) VALUES ('Горбачёв', 'Валерий', 'Васильевич', 1);
INSERT INTO  personnel (surname, name, patronymic, status) VALUES ('Иванов', 'Вадим', 'Иванович', 1);
INSERT INTO  personnel (surname, name, patronymic, status) VALUES ('Иванов', 'Пётр', 'Васильевич', 1);
INSERT INTO  personnel (surname, name, patronymic, status) VALUES ('Иванов', 'Анатолий', 'Геннадиевич', 1);
INSERT INTO  personnel (surname, name, patronymic, status) VALUES ('Горбачёв', 'Вадим', 'Петрович', 1);
INSERT INTO  personnel (surname, name, patronymic, status) VALUES ('Чесноков', 'Анатолий', 'Андреевич', 1);
INSERT INTO  personnel (surname, name, patronymic, status) VALUES ('Сидоров', 'Валерий', 'Васильевич', 1);
INSERT INTO  personnel (surname, name, patronymic, status) VALUES ('Захаров', 'Геннадий', 'Геннадиевич', 1);
INSERT INTO  personnel (surname, name, patronymic, status) VALUES ('Соловьёв', 'Иван', 'Иванович', 1);
INSERT INTO  personnel (surname, name, patronymic, status) VALUES ('Сидоров', 'Анатолий', 'Иванович', 1);
INSERT INTO  personnel (surname, name, patronymic, status) VALUES ('Горбачёв', 'Андрей', 'Андреевич', 1);
INSERT INTO  personnel (surname, name, patronymic, status) VALUES ('Горбачёв', 'Андрей', 'Сергеевич', 1);
INSERT INTO  personnel (surname, name, patronymic, status) VALUES ('Петров', 'Иван', 'Петрович', 1);
INSERT INTO  personnel (surname, name, patronymic, status) VALUES ('Гончаров', 'Валерий', 'Анатольевич', 1);
INSERT INTO  personnel (surname, name, patronymic, status) VALUES ('Ушаков', 'Сергей', 'Васильевич', 1);
INSERT INTO  personnel (surname, name, patronymic, status) VALUES ('Иванов', 'Пётр', 'Петрович', 1);
INSERT INTO  personnel (surname, name, patronymic, status) VALUES ('Чесноков', 'Сергей', 'Сергеевич', 1);
INSERT INTO  personnel (surname, name, patronymic, status) VALUES ('Гончаров', 'Сергей', 'Сергеевич', 1);
INSERT INTO  personnel (surname, name, patronymic, status) VALUES ('Гончаров', 'Вадим', 'Андреевич', 1);
INSERT INTO  personnel (surname, name, patronymic, status) VALUES ('Гончаров', 'Валерий', 'Васильевич', 1);
INSERT INTO  personnel (surname, name, patronymic, status) VALUES ('Сидоров', 'Валерий', 'Иванович', 1);
INSERT INTO  personnel (surname, name, patronymic, status) VALUES ('Петров', 'Анатолий', 'Анатольевич', 1);
INSERT INTO  personnel (surname, name, patronymic, status) VALUES ('Ушаков', 'Сергей', 'Анатольевич', 1);
INSERT INTO  personnel (surname, name, patronymic, status) VALUES ('Гончаров', 'Вадим', 'Иванович', 1);


INSERT INTO  radar_station (name, range, n_persons) VALUES ('Небо-У', 320, 3);
INSERT INTO  radar_station (name, range, n_persons) VALUES ('Гамма-С1Е', 350, 3);
INSERT INTO  radar_station (name, range, n_persons) VALUES ('Противник-ГЕ', 340, 3);
INSERT INTO  radar_station (name, range, n_persons) VALUES ('5Н84А Оборона-14', 300, 12);

INSERT INTO  inventory (serial_number, rs_name) VALUES (6407908, '5Н84А Оборона-14');
INSERT INTO  inventory (serial_number, rs_name) VALUES (2270048, 'Противник-ГЕ');
INSERT INTO  inventory (serial_number, rs_name) VALUES (4953740, 'Гамма-С1Е');
INSERT INTO  inventory (serial_number, rs_name) VALUES (1814408, 'Противник-ГЕ');
INSERT INTO  inventory (serial_number, rs_name) VALUES (646646, '5Н84А Оборона-14');
INSERT INTO  inventory (serial_number, rs_name) VALUES (9073260, 'Небо-У');
INSERT INTO  inventory (serial_number, rs_name) VALUES (1677862, 'Гамма-С1Е');
INSERT INTO  inventory (serial_number, rs_name) VALUES (9689204, 'Небо-У');
INSERT INTO  inventory (serial_number, rs_name) VALUES (5724333, 'Небо-У');
INSERT INTO  inventory (serial_number, rs_name) VALUES (64364, 'Противник-ГЕ');
INSERT INTO  inventory (serial_number, rs_name) VALUES (7066580, '5Н84А Оборона-14');
INSERT INTO  inventory (serial_number, rs_name) VALUES (2230700, '5Н84А Оборона-14');
INSERT INTO  inventory (serial_number, rs_name) VALUES (6712937, 'Противник-ГЕ');
INSERT INTO  inventory (serial_number, rs_name) VALUES (8246731, 'Противник-ГЕ');
INSERT INTO  inventory (serial_number, rs_name) VALUES (9480316, 'Противник-ГЕ');
INSERT INTO  inventory (serial_number, rs_name) VALUES (1856258, '5Н84А Оборона-14');
INSERT INTO  inventory (serial_number, rs_name) VALUES (8258910, 'Небо-У');
INSERT INTO  inventory (serial_number, rs_name) VALUES (4168258, 'Противник-ГЕ');
INSERT INTO  inventory (serial_number, rs_name) VALUES (2929970, 'Гамма-С1Е');
INSERT INTO  inventory (serial_number, rs_name) VALUES (3265064, 'Гамма-С1Е');
INSERT INTO  inventory (serial_number, rs_name) VALUES (5583361, 'Гамма-С1Е');
INSERT INTO  inventory (serial_number, rs_name) VALUES (9414961, 'Противник-ГЕ');
INSERT INTO  inventory (serial_number, rs_name) VALUES (4149830, '5Н84А Оборона-14');
INSERT INTO  inventory (serial_number, rs_name) VALUES (7353109, 'Небо-У');
INSERT INTO  inventory (serial_number, rs_name) VALUES (9501900, 'Противник-ГЕ');
INSERT INTO  inventory (serial_number, rs_name) VALUES (5534645, 'Гамма-С1Е');
INSERT INTO  inventory (serial_number, rs_name) VALUES (6877808, '5Н84А Оборона-14');
INSERT INTO  inventory (serial_number, rs_name) VALUES (5525912, 'Небо-У');
INSERT INTO  inventory (serial_number, rs_name) VALUES (6637779, 'Противник-ГЕ');
INSERT INTO  inventory (serial_number, rs_name) VALUES (5246678, 'Противник-ГЕ');


INSERT INTO  duty_groups (for_station) VALUES ('5Н84А Оборона-14');
INSERT INTO  duty_groups (for_station) VALUES ('Небо-У');
INSERT INTO  duty_groups (for_station) VALUES ('Гамма-С1Е');
INSERT INTO  duty_groups (for_station) VALUES ('Противник-ГЕ');
INSERT INTO  duty_groups (for_station) VALUES ('5Н84А Оборона-14');
INSERT INTO  duty_groups (for_station) VALUES ('Небо-У');
INSERT INTO  duty_groups (for_station) VALUES ('5Н84А Оборона-14');
INSERT INTO  duty_groups (for_station) VALUES ('Противник-ГЕ');
INSERT INTO  duty_groups (for_station) VALUES ('5Н84А Оборона-14');
INSERT INTO  duty_groups (for_station) VALUES ('Небо-У');

INSERT INTO  duty_groups (for_station) VALUES ('Противник-ГЕ');
INSERT INTO  duty_groups (for_station) VALUES ('Небо-У');
INSERT INTO  duty_groups (for_station) VALUES ('Противник-ГЕ');
INSERT INTO  duty_groups (for_station) VALUES ('Гамма-С1Е');
INSERT INTO  duty_groups (for_station) VALUES ('5Н84А Оборона-14');
INSERT INTO  duty_groups (for_station) VALUES ('Небо-У');
INSERT INTO  duty_groups (for_station) VALUES ('Гамма-С1Е');
INSERT INTO  duty_groups (for_station) VALUES ('Гамма-С1Е');
INSERT INTO  duty_groups (for_station) VALUES ('5Н84А Оборона-14');
INSERT INTO  duty_groups (for_station) VALUES ('Гамма-С1Е');



INSERT INTO  groups_personnel (gr_id, p_id, is_commander) VALUES (1, 11, TRUE);
INSERT INTO  groups_personnel (gr_id, p_id) VALUES (1, 12);
INSERT INTO  groups_personnel (gr_id, p_id) VALUES (1, 13);
INSERT INTO  groups_personnel (gr_id, p_id) VALUES (1, 14);
INSERT INTO  groups_personnel (gr_id, p_id) VALUES (1, 15);
INSERT INTO  groups_personnel (gr_id, p_id) VALUES (1, 16);
INSERT INTO  groups_personnel (gr_id, p_id) VALUES (1, 17);
INSERT INTO  groups_personnel (gr_id, p_id) VALUES (1, 18);
INSERT INTO  groups_personnel (gr_id, p_id) VALUES (1, 19);
INSERT INTO  groups_personnel (gr_id, p_id) VALUES (1, 20);
INSERT INTO  groups_personnel (gr_id, p_id) VALUES (1, 21);
INSERT INTO  groups_personnel (gr_id, p_id) VALUES (1, 22);

INSERT INTO  groups_personnel (gr_id, p_id, is_commander) VALUES (2, 23, TRUE);
INSERT INTO  groups_personnel (gr_id, p_id) VALUES (2, 24);
INSERT INTO  groups_personnel (gr_id, p_id) VALUES (2, 25);

INSERT INTO  groups_personnel (gr_id, p_id, is_commander) VALUES (3, 26, TRUE);
INSERT INTO  groups_personnel (gr_id, p_id) VALUES (3, 27);
INSERT INTO  groups_personnel (gr_id, p_id) VALUES (3, 28);

INSERT INTO  groups_personnel (gr_id, p_id, is_commander) VALUES (4, 29, TRUE);
INSERT INTO  groups_personnel (gr_id, p_id) VALUES (4, 30);
INSERT INTO  groups_personnel (gr_id, p_id) VALUES (4, 31);

INSERT INTO  groups_personnel (gr_id, p_id, is_commander) VALUES (5, 32, TRUE);
INSERT INTO  groups_personnel (gr_id, p_id) VALUES (5, 33);
INSERT INTO  groups_personnel (gr_id, p_id) VALUES (5, 34);
INSERT INTO  groups_personnel (gr_id, p_id) VALUES (5, 35);
INSERT INTO  groups_personnel (gr_id, p_id) VALUES (5, 36);
INSERT INTO  groups_personnel (gr_id, p_id) VALUES (5, 37);
INSERT INTO  groups_personnel (gr_id, p_id) VALUES (5, 38);
INSERT INTO  groups_personnel (gr_id, p_id) VALUES (5, 39);
INSERT INTO  groups_personnel (gr_id, p_id) VALUES (5, 40);
INSERT INTO  groups_personnel (gr_id, p_id) VALUES (5, 41);
INSERT INTO  groups_personnel (gr_id, p_id) VALUES (5, 42);
INSERT INTO  groups_personnel (gr_id, p_id) VALUES (5, 43);

INSERT INTO  groups_personnel (gr_id, p_id, is_commander) VALUES (6, 44, TRUE);
INSERT INTO  groups_personnel (gr_id, p_id) VALUES (6, 45);
INSERT INTO  groups_personnel (gr_id, p_id) VALUES (6, 46);

INSERT INTO  groups_personnel (gr_id, p_id, is_commander) VALUES (7, 47, TRUE);
INSERT INTO  groups_personnel (gr_id, p_id) VALUES (7, 48);
INSERT INTO  groups_personnel (gr_id, p_id) VALUES (7, 49);
INSERT INTO  groups_personnel (gr_id, p_id) VALUES (7, 50);
INSERT INTO  groups_personnel (gr_id, p_id) VALUES (7, 51);
INSERT INTO  groups_personnel (gr_id, p_id) VALUES (7, 52);
INSERT INTO  groups_personnel (gr_id, p_id) VALUES (7, 53);
INSERT INTO  groups_personnel (gr_id, p_id) VALUES (7, 54);
INSERT INTO  groups_personnel (gr_id, p_id) VALUES (7, 55);
INSERT INTO  groups_personnel (gr_id, p_id) VALUES (7, 56);
INSERT INTO  groups_personnel (gr_id, p_id) VALUES (7, 57);
INSERT INTO  groups_personnel (gr_id, p_id) VALUES (7, 58);

INSERT INTO  groups_personnel (gr_id, p_id, is_commander) VALUES (8, 59, TRUE);
INSERT INTO  groups_personnel (gr_id, p_id) VALUES (8, 60);
INSERT INTO  groups_personnel (gr_id, p_id) VALUES (8, 61);

INSERT INTO  groups_personnel (gr_id, p_id, is_commander) VALUES (9, 62, TRUE);
INSERT INTO  groups_personnel (gr_id, p_id) VALUES (9, 63);
INSERT INTO  groups_personnel (gr_id, p_id) VALUES (9, 64);
INSERT INTO  groups_personnel (gr_id, p_id) VALUES (9, 65);
INSERT INTO  groups_personnel (gr_id, p_id) VALUES (9, 66);
INSERT INTO  groups_personnel (gr_id, p_id) VALUES (9, 67);
INSERT INTO  groups_personnel (gr_id, p_id) VALUES (9, 68);
INSERT INTO  groups_personnel (gr_id, p_id) VALUES (9, 69);
INSERT INTO  groups_personnel (gr_id, p_id) VALUES (9, 70);
INSERT INTO  groups_personnel (gr_id, p_id) VALUES (9, 71);
INSERT INTO  groups_personnel (gr_id, p_id) VALUES (9, 72);
INSERT INTO  groups_personnel (gr_id, p_id) VALUES (9, 73);

INSERT INTO  groups_personnel (gr_id, p_id, is_commander) VALUES (10, 74, TRUE);
INSERT INTO  groups_personnel (gr_id, p_id) VALUES (10, 75);
INSERT INTO  groups_personnel (gr_id, p_id) VALUES (10, 76);

INSERT INTO  groups_personnel (gr_id, p_id, is_commander) VALUES (13, 77, TRUE);
INSERT INTO  groups_personnel (gr_id, p_id) VALUES (13, 78);
INSERT INTO  groups_personnel (gr_id, p_id) VALUES (13, 79);

INSERT INTO  groups_personnel (gr_id, p_id, is_commander) VALUES (14, 80, TRUE);
INSERT INTO  groups_personnel (gr_id, p_id) VALUES (14, 81);
INSERT INTO  groups_personnel (gr_id, p_id) VALUES (14, 82);

INSERT INTO  groups_personnel (gr_id, p_id, is_commander) VALUES (15, 83, TRUE);
INSERT INTO  groups_personnel (gr_id, p_id) VALUES (15, 84);
INSERT INTO  groups_personnel (gr_id, p_id) VALUES (15, 85);

INSERT INTO  groups_personnel (gr_id, p_id, is_commander) VALUES (16, 86, TRUE);
INSERT INTO  groups_personnel (gr_id, p_id) VALUES (16, 87);
INSERT INTO  groups_personnel (gr_id, p_id) VALUES (16, 88);

INSERT INTO  groups_personnel (gr_id, p_id, is_commander) VALUES (17, 89, TRUE);
INSERT INTO  groups_personnel (gr_id, p_id) VALUES (17, 90);
INSERT INTO  groups_personnel (gr_id, p_id) VALUES (17, 91);
INSERT INTO  groups_personnel (gr_id, p_id) VALUES (17, 92);
INSERT INTO  groups_personnel (gr_id, p_id) VALUES (17, 93);
INSERT INTO  groups_personnel (gr_id, p_id) VALUES (17, 94);
INSERT INTO  groups_personnel (gr_id, p_id) VALUES (17, 95);
INSERT INTO  groups_personnel (gr_id, p_id) VALUES (17, 96);
INSERT INTO  groups_personnel (gr_id, p_id) VALUES (17, 97);
INSERT INTO  groups_personnel (gr_id, p_id) VALUES (17, 98);
INSERT INTO  groups_personnel (gr_id, p_id) VALUES (17, 99);
INSERT INTO  groups_personnel (gr_id, p_id) VALUES (17, 100);

INSERT INTO  groups_personnel (gr_id, p_id, is_commander) VALUES (18, 101, TRUE);
INSERT INTO  groups_personnel (gr_id, p_id) VALUES (18, 102);
INSERT INTO  groups_personnel (gr_id, p_id) VALUES (18, 103);

INSERT INTO  groups_personnel (gr_id, p_id, is_commander) VALUES (19, 104, TRUE);
INSERT INTO  groups_personnel (gr_id, p_id) VALUES (19, 105);
INSERT INTO  groups_personnel (gr_id, p_id) VALUES (19, 106);

INSERT INTO  groups_personnel (gr_id, p_id, is_commander) VALUES (20, 107, TRUE);
INSERT INTO  groups_personnel (gr_id, p_id) VALUES (20, 108);
INSERT INTO  groups_personnel (gr_id, p_id) VALUES (20, 109);

INSERT INTO  groups_personnel (gr_id, p_id, is_commander) VALUES (21, 110, TRUE);
INSERT INTO  groups_personnel (gr_id, p_id) VALUES (21, 111);
INSERT INTO  groups_personnel (gr_id, p_id) VALUES (21, 112);
INSERT INTO  groups_personnel (gr_id, p_id) VALUES (21, 113);
INSERT INTO  groups_personnel (gr_id, p_id) VALUES (21, 114);
INSERT INTO  groups_personnel (gr_id, p_id) VALUES (21, 115);
INSERT INTO  groups_personnel (gr_id, p_id) VALUES (21, 116);
INSERT INTO  groups_personnel (gr_id, p_id) VALUES (21, 117);
INSERT INTO  groups_personnel (gr_id, p_id) VALUES (21, 118);
INSERT INTO  groups_personnel (gr_id, p_id) VALUES (21, 119);
INSERT INTO  groups_personnel (gr_id, p_id) VALUES (21, 120);
INSERT INTO  groups_personnel (gr_id, p_id) VALUES (21, 121);

INSERT INTO  groups_personnel (gr_id, p_id, is_commander) VALUES (22, 122, TRUE);
INSERT INTO  groups_personnel (gr_id, p_id) VALUES (22, 123);
INSERT INTO  groups_personnel (gr_id, p_id) VALUES (22, 124);

INSERT INTO  groups_personnel (gr_id, p_id, is_commander) VALUES (23, 125, TRUE);
INSERT INTO  groups_personnel (gr_id, p_id) VALUES (23, 126);
INSERT INTO  groups_personnel (gr_id, p_id) VALUES (23, 127);

INSERT INTO  groups_personnel (gr_id, p_id, is_commander) VALUES (24, 128, TRUE);
INSERT INTO  groups_personnel (gr_id, p_id) VALUES (24, 129);
INSERT INTO  groups_personnel (gr_id, p_id) VALUES (24, 130);

INSERT INTO  groups_personnel (gr_id, p_id, is_commander) VALUES (25, 131, TRUE);
INSERT INTO  groups_personnel (gr_id, p_id) VALUES (25, 132);
INSERT INTO  groups_personnel (gr_id, p_id) VALUES (25, 133);

INSERT INTO  groups_personnel (gr_id, p_id, is_commander) VALUES (26, 134, TRUE);
INSERT INTO  groups_personnel (gr_id, p_id) VALUES (26, 135);
INSERT INTO  groups_personnel (gr_id, p_id) VALUES (26, 136);

INSERT INTO  groups_personnel (gr_id, p_id, is_commander) VALUES (27, 137, TRUE);
INSERT INTO  groups_personnel (gr_id, p_id) VALUES (27, 138);
INSERT INTO  groups_personnel (gr_id, p_id) VALUES (27, 139);
INSERT INTO  groups_personnel (gr_id, p_id) VALUES (27, 140);
INSERT INTO  groups_personnel (gr_id, p_id) VALUES (27, 141);
INSERT INTO  groups_personnel (gr_id, p_id) VALUES (27, 142);
INSERT INTO  groups_personnel (gr_id, p_id) VALUES (27, 143);
INSERT INTO  groups_personnel (gr_id, p_id) VALUES (27, 144);
INSERT INTO  groups_personnel (gr_id, p_id) VALUES (27, 145);
INSERT INTO  groups_personnel (gr_id, p_id) VALUES (27, 146);
INSERT INTO  groups_personnel (gr_id, p_id) VALUES (27, 147);
INSERT INTO  groups_personnel (gr_id, p_id) VALUES (27, 148);

INSERT INTO  groups_personnel (gr_id, p_id, is_commander) VALUES (28, 149, TRUE);
INSERT INTO  groups_personnel (gr_id, p_id) VALUES (28, 150);
INSERT INTO  groups_personnel (gr_id, p_id) VALUES (28, 151);

INSERT INTO  groups_personnel (gr_id, p_id, is_commander) VALUES (29, 152, TRUE);
INSERT INTO  groups_personnel (gr_id, p_id) VALUES (29, 153);
INSERT INTO  groups_personnel (gr_id, p_id) VALUES (29, 154);

INSERT INTO  groups_personnel (gr_id, p_id, is_commander) VALUES (30, 155, TRUE);
INSERT INTO  groups_personnel (gr_id, p_id) VALUES (30, 156);
INSERT INTO  groups_personnel (gr_id, p_id) VALUES (30, 157);

INSERT INTO  groups_personnel (gr_id, p_id, is_commander) VALUES (31, 158, TRUE);
INSERT INTO  groups_personnel (gr_id, p_id) VALUES (31, 159);
INSERT INTO  groups_personnel (gr_id, p_id) VALUES (31, 160);
INSERT INTO  groups_personnel (gr_id, p_id) VALUES (31, 161);
INSERT INTO  groups_personnel (gr_id, p_id) VALUES (31, 162);
INSERT INTO  groups_personnel (gr_id, p_id) VALUES (31, 163);
INSERT INTO  groups_personnel (gr_id, p_id) VALUES (31, 164);
INSERT INTO  groups_personnel (gr_id, p_id) VALUES (31, 165);
INSERT INTO  groups_personnel (gr_id, p_id) VALUES (31, 166);
INSERT INTO  groups_personnel (gr_id, p_id) VALUES (31, 167);
INSERT INTO  groups_personnel (gr_id, p_id) VALUES (31, 168);
INSERT INTO  groups_personnel (gr_id, p_id) VALUES (31, 169);

INSERT INTO  groups_personnel (gr_id, p_id, is_commander) VALUES (32, 170, TRUE);
INSERT INTO  groups_personnel (gr_id, p_id) VALUES (32, 171);
INSERT INTO  groups_personnel (gr_id, p_id) VALUES (32, 172);




INSERT INTO duty_groups_log (duty_start, duty_end, equipment, gr_id) VALUES ("2019-04-01 18:00:00+03","2019-04-02 18:00:00+03",5724333,6);
INSERT INTO duty_groups_log (duty_start, duty_end, equipment, gr_id) VALUES ("2019-04-01 18:00:00+03","2019-04-02 18:00:00+03",1814408,8);
INSERT INTO duty_groups_log (duty_start, duty_end, equipment, gr_id) VALUES ("2019-04-01 18:00:00+03","2019-04-02 18:00:00+03",646646,1);
INSERT INTO duty_groups_log (duty_start, duty_end, equipment, gr_id) VALUES ("2019-04-01 18:00:00+03","2019-04-02 18:00:00+03",5525912,2);
INSERT INTO duty_groups_log (duty_start, duty_end, equipment, gr_id) VALUES ("2019-04-01 18:00:00+03","2019-04-02 18:00:00+03",1677862,3);
INSERT INTO duty_groups_log (duty_start, duty_end, equipment, gr_id) VALUES ("2019-04-01 18:00:00+03","2019-04-02 18:00:00+03",7353109,10);
INSERT INTO duty_groups_log (duty_start, duty_end, equipment, gr_id) VALUES ("2019-04-01 18:00:00+03","2019-04-02 18:00:00+03",64364,4);
INSERT INTO duty_groups_log (duty_start, duty_end, equipment, gr_id) VALUES ("2019-04-01 18:00:00+03","2019-04-02 18:00:00+03",1856258,5);
INSERT INTO duty_groups_log (duty_start, duty_end, equipment, gr_id) VALUES ("2019-04-01 18:00:00+03","2019-04-02 18:00:00+03",4149830,9);
INSERT INTO duty_groups_log (duty_start, duty_end, equipment, gr_id) VALUES ("2019-04-01 18:00:00+03","2019-04-02 18:00:00+03",2230700,7);


INSERT INTO duty_groups_log (duty_start, duty_end, equipment, gr_id) VALUES ("2019-04-02 18:00:00+03","2019-04-03 18:00:00+03",64364,13);
INSERT INTO duty_groups_log (duty_start, duty_end, equipment, gr_id) VALUES ("2019-04-02 18:00:00+03","2019-04-03 18:00:00+03",5525912,14);
INSERT INTO duty_groups_log (duty_start, duty_end, equipment, gr_id) VALUES ("2019-04-02 18:00:00+03","2019-04-03 18:00:00+03",1814408,15);
INSERT INTO duty_groups_log (duty_start, duty_end, equipment, gr_id) VALUES ("2019-04-02 18:00:00+03","2019-04-03 18:00:00+03",1677862,16);
INSERT INTO duty_groups_log (duty_start, duty_end, equipment, gr_id) VALUES ("2019-04-02 18:00:00+03","2019-04-03 18:00:00+03",646646,17);
INSERT INTO duty_groups_log (duty_start, duty_end, equipment, gr_id) VALUES ("2019-04-02 18:00:00+03","2019-04-03 18:00:00+03",5724333,18);
INSERT INTO duty_groups_log (duty_start, duty_end, equipment, gr_id) VALUES ("2019-04-02 18:00:00+03","2019-04-03 18:00:00+03",2929970,19);
INSERT INTO duty_groups_log (duty_start, duty_end, equipment, gr_id) VALUES ("2019-04-02 18:00:00+03","2019-04-03 18:00:00+03",3265064,20);
INSERT INTO duty_groups_log (duty_start, duty_end, equipment, gr_id) VALUES ("2019-04-02 18:00:00+03","2019-04-03 18:00:00+03",1856258,21);
INSERT INTO duty_groups_log (duty_start, duty_end, equipment, gr_id) VALUES ("2019-04-02 18:00:00+03","2019-04-03 18:00:00+03",4953740,22);


INSERT INTO duty_groups_log (duty_start, duty_end, equipment, gr_id) VALUES ("2019-04-03 18:00:00+03","2019-04-04 18:00:00+03",64364,23);
INSERT INTO duty_groups_log (duty_start, duty_end, equipment, gr_id) VALUES ("2019-04-03 18:00:00+03","2019-04-04 18:00:00+03",5525912,24);
INSERT INTO duty_groups_log (duty_start, duty_end, equipment, gr_id) VALUES ("2019-04-03 18:00:00+03","2019-04-04 18:00:00+03",1814408,25);
INSERT INTO duty_groups_log (duty_start, duty_end, equipment, gr_id) VALUES ("2019-04-03 18:00:00+03","2019-04-04 18:00:00+03",1677862,26);
INSERT INTO duty_groups_log (duty_start, duty_end, equipment, gr_id) VALUES ("2019-04-03 18:00:00+03","2019-04-04 18:00:00+03",646646,27);
INSERT INTO duty_groups_log (duty_start, duty_end, equipment, gr_id) VALUES ("2019-04-03 18:00:00+03","2019-04-04 18:00:00+03",5724333,28);
INSERT INTO duty_groups_log (duty_start, duty_end, equipment, gr_id) VALUES ("2019-04-03 18:00:00+03","2019-04-04 18:00:00+03",2929970,29);
INSERT INTO duty_groups_log (duty_start, duty_end, equipment, gr_id) VALUES ("2019-04-03 18:00:00+03","2019-04-04 18:00:00+03",3265064,30);
INSERT INTO duty_groups_log (duty_start, duty_end, equipment, gr_id) VALUES ("2019-04-03 18:00:00+03","2019-04-04 18:00:00+03",1856258,31);
INSERT INTO duty_groups_log (duty_start, duty_end, equipment, gr_id) VALUES ("2019-04-03 18:00:00+03","2019-04-04 18:00:00+03",4953740,32);
